{
  "Perform registration" : {
    "transaction" : "Perform registration",
    "sampleCount" : 400,
    "errorCount" : 0,
    "errorPct" : 0.0,
    "meanResTime" : 818.4249999999995,
    "medianResTime" : 784.0,
    "minResTime" : 653.0,
    "maxResTime" : 1659.0,
    "pct1ResTime" : 931.6000000000001,
    "pct2ResTime" : 1003.8499999999999,
    "pct3ResTime" : 1616.0600000000027,
    "throughput" : 1.3357019781746298,
    "receivedKBytesPerSec" : 8.348848259663804,
    "sentKBytesPerSec" : 0.6756773678656818
  },
  "Open registration page Request" : {
    "transaction" : "Open registration page Request",
    "sampleCount" : 400,
    "errorCount" : 0,
    "errorPct" : 0.0,
    "meanResTime" : 1110.4050000000009,
    "medianResTime" : 1058.0,
    "minResTime" : 828.0,
    "maxResTime" : 1891.0,
    "pct1ResTime" : 1304.9,
    "pct2ResTime" : 1423.2499999999993,
    "pct3ResTime" : 1618.97,
    "throughput" : 1.3316155492747688,
    "receivedKBytesPerSec" : 8.32337742645321,
    "sentKBytesPerSec" : 0.32770226407933767
  },
  "Open registration page Request-0" : {
    "transaction" : "Open registration page Request-0",
    "sampleCount" : 400,
    "errorCount" : 0,
    "errorPct" : 0.0,
    "meanResTime" : 432.6774999999998,
    "medianResTime" : 386.0,
    "minResTime" : 311.0,
    "maxResTime" : 1346.0,
    "pct1ResTime" : 590.0,
    "pct2ResTime" : 675.8499999999999,
    "pct3ResTime" : 892.99,
    "throughput" : 1.3363311695904478,
    "receivedKBytesPerSec" : 0.29625052618039804,
    "sentKBytesPerSec" : 0.16443137438319966
  },
  "Total" : {
    "transaction" : "Total",
    "sampleCount" : 3600,
    "errorCount" : 0,
    "errorPct" : 0.0,
    "meanResTime" : 608.9508333333348,
    "medianResTime" : 534.5,
    "minResTime" : 262.0,
    "maxResTime" : 1891.0,
    "pct1ResTime" : 1027.0,
    "pct2ResTime" : 1087.0,
    "pct3ResTime" : 1354.9899999999998,
    "throughput" : 11.920687691227698,
    "receivedKBytesPerSec" : 48.10886749120849,
    "sentKBytesPerSec" : 3.034497973483093
  },
  "Open registration page Request-1" : {
    "transaction" : "Open registration page Request-1",
    "sampleCount" : 400,
    "errorCount" : 0,
    "errorPct" : 0.0,
    "meanResTime" : 677.0175000000002,
    "medianResTime" : 658.0,
    "minResTime" : 511.0,
    "maxResTime" : 1064.0,
    "pct1ResTime" : 769.0,
    "pct2ResTime" : 849.9,
    "pct3ResTime" : 970.9000000000001,
    "throughput" : 1.3358402602216828,
    "receivedKBytesPerSec" : 8.053642648537087,
    "sentKBytesPerSec" : 0.16437096951946487
  },
  "Perform registration-0" : {
    "transaction" : "Perform registration-0",
    "sampleCount" : 400,
    "errorCount" : 0,
    "errorPct" : 0.0,
    "meanResTime" : 328.2849999999999,
    "medianResTime" : 317.0,
    "minResTime" : 263.0,
    "maxResTime" : 1253.0,
    "pct1ResTime" : 330.0,
    "pct2ResTime" : 341.0,
    "pct3ResTime" : 1187.430000000005,
    "throughput" : 1.3378821325841193,
    "receivedKBytesPerSec" : 0.29660742357348313,
    "sentKBytesPerSec" : 0.5121580038798581
  },
  "Login" : {
    "transaction" : "Login",
    "sampleCount" : 400,
    "errorCount" : 0,
    "errorPct" : 0.0,
    "meanResTime" : 811.9675000000001,
    "medianResTime" : 779.0,
    "minResTime" : 655.0,
    "maxResTime" : 1767.0,
    "pct1ResTime" : 918.0,
    "pct2ResTime" : 1025.9,
    "pct3ResTime" : 1406.5600000000004,
    "throughput" : 1.3352070739270778,
    "receivedKBytesPerSec" : 7.556923241657459,
    "sentKBytesPerSec" : 0.5254770027271605
  },
  "Login-0" : {
    "transaction" : "Login-0",
    "sampleCount" : 400,
    "errorCount" : 0,
    "errorPct" : 0.0,
    "meanResTime" : 324.52250000000004,
    "medianResTime" : 317.0,
    "minResTime" : 262.0,
    "maxResTime" : 1359.0,
    "pct1ResTime" : 331.90000000000003,
    "pct2ResTime" : 352.6499999999999,
    "pct3ResTime" : 595.2400000000007,
    "throughput" : 1.3372872459572136,
    "receivedKBytesPerSec" : 0.2923585473968032,
    "sentKBytesPerSec" : 0.36566448131642554
  },
  "Login-1" : {
    "transaction" : "Login-1",
    "sampleCount" : 400,
    "errorCount" : 0,
    "errorPct" : 0.0,
    "meanResTime" : 487.2575000000001,
    "medianResTime" : 457.0,
    "minResTime" : 385.0,
    "maxResTime" : 1284.0,
    "pct1ResTime" : 580.6000000000001,
    "pct2ResTime" : 653.8499999999999,
    "pct3ResTime" : 981.0400000000009,
    "throughput" : 1.3364115345679548,
    "receivedKBytesPerSec" : 7.2715730754003385,
    "sentKBytesPerSec" : 0.16052599487486174
  },
  "Perform registration-1" : {
    "transaction" : "Perform registration-1",
    "sampleCount" : 400,
    "errorCount" : 0,
    "errorPct" : 0.0,
    "meanResTime" : 489.9999999999999,
    "medianResTime" : 464.0,
    "minResTime" : 384.0,
    "maxResTime" : 1007.0,
    "pct1ResTime" : 593.9000000000001,
    "pct2ResTime" : 648.8499999999999,
    "pct3ResTime" : 793.9000000000001,
    "throughput" : 1.3369252057193661,
    "receivedKBytesPerSec" : 8.06009880921743,
    "sentKBytesPerSec" : 0.1645044686725001
  }
}